MATNR,MAKTX,MTART,MATKL,MEINS,ERSDA,BRGEW,NTGEW,BASE_PRICE
M0000001,Integrated Circuits (ICs),FERT,Electronics,KG,2023-01-21,22.4,20.691,6799.32
M0000002,Connectors and Cables,HAWA,Electronics,PC,2020-02-24,1.491,1.447,5103.02
M0000003,Printer Ink and Toner,HAWA,Office Supplies,KG,2024-04-03,44.98,43.404,434.78
M0000004,Folders and Binders,FERT,Office Supplies,M,2020-07-08,0.79,0.714,168.96
M0000005,IT Support and Maintenance,FERT,Services,BOX,2022-07-29,6.91,6.676,2650.8
M0000006,Capacitors and Resistors,ROH,Electronics,L,2022-01-10,5.9,5.507,8865.97
M0000007,Pens and Pencils,ROH,Office Supplies,CM,2021-04-21,4.6,4.434,40.82
M0000008,Capacitors and Resistors,FERT,Electronics,EA,2021-03-05,31.785,30.423,3764.79
M0000009,Steel and Aluminum,HALB,Raw Materials,L,2023-08-03,14.6,14.239,1928.3
M0000010,Staplers and Staples,ROH,Office Supplies,KG,2020-05-15,82.2,75.422,201.18
M0000011,Printer Ink and Toner,FERT,Office Supplies,KG,2022-07-28,65.58,62.589,457.36
M0000012,Staplers and Staples,HALB,Office Supplies,KG,2022-05-27,74.52,70.16,373.76
M0000013,Logistics and Shipping,HALB,Services,KG,2020-08-12,51.0,50.073,2832.26
M0000014,Notebooks and Paper,HAWA,Office Supplies,L,2022-12-19,1.32,1.261,498.06
M0000015,Chemicals and Solvents,ROH,Raw Materials,CM,2021-06-30,14.43,13.4,2708.0
M0000016,Steel and Aluminum,FERT,Raw Materials,EA,2024-01-13,7.909,7.828,3624.36
M0000017,Chemicals and Solvents,HALB,Raw Materials,L,2023-08-01,18.26,16.647,1527.3
M0000018,Notebooks and Paper,FERT,Office Supplies,BOX,2020-01-02,3.27,2.957,461.29
M0000019,Copper and Other Metals,ROH,Raw Materials,PC,2021-09-21,46.455,42.317,4166.74
M0000020,Pens and Pencils,HALB,Office Supplies,L,2020-05-21,18.94,18.605,243.51
M0000021,Notebooks and Paper,HAWA,Office Supplies,L,2021-03-09,3.34,3.148,303.69
M0000022,Staplers and Staples,HAWA,Office Supplies,CM,2020-09-04,13.02,12.376,259.27
M0000023,Notebooks and Paper,ROH,Office Supplies,M,2020-01-15,0.11,0.103,294.63
M0000024,Integrated Circuits (ICs),HALB,Electronics,PC,2021-05-02,45.271,41.316,801.49
M0000025,Copper and Other Metals,HALB,Raw Materials,L,2022-08-26,2.69,2.437,2876.66
M0000026,Folders and Binders,HAWA,Office Supplies,KG,2022-04-21,9.52,8.86,177.79
M0000027,IT Support and Maintenance,ROH,Services,PC,2021-05-24,20.132,19.316,43152.79
M0000028,Notebooks and Paper,HAWA,Office Supplies,KG,2020-06-03,42.25,40.768,125.65
M0000029,Marketing and Advertising,ROH,Services,PC,2020-07-10,32.608,30.695,1230.51
M0000030,Notebooks and Paper,HAWA,Office Supplies,EA,2020-12-03,24.068,21.954,451.32
M0000031,IT Support and Maintenance,HAWA,Services,M,2023-11-27,4.63,4.257,14619.84
M0000032,Consulting and Advisory,HALB,Services,M,2020-05-04,1.1,1.083,36918.99
M0000033,Steel and Aluminum,ROH,Raw Materials,L,2020-04-26,9.56,8.673,2679.07
M0000034,Printed Circuit Boards (PCBs),ROH,Electronics,L,2024-12-28,1.41,1.287,4097.38
M0000035,Printer Ink and Toner,ROH,Office Supplies,L,2021-10-09,1.69,1.573,283.05
M0000036,"Plastics (e.g., PET, PVC)",FERT,Raw Materials,KG,2022-07-25,26.63,26.05,3245.23
M0000037,Steel and Aluminum,ROH,Raw Materials,EA,2023-01-06,31.058,29.174,544.91
M0000038,Printer Ink and Toner,FERT,Office Supplies,KG,2022-01-26,93.33,84.998,439.76
M0000039,"Plastics (e.g., PET, PVC)",HAWA,Raw Materials,BOX,2024-07-10,10.89,10.485,4920.07
M0000040,Connectors and Cables,FERT,Electronics,CM,2024-12-27,2.12,1.931,2718.21
M0000041,Connectors and Cables,HALB,Electronics,M,2023-11-08,1.42,1.379,3494.51
M0000042,Chemicals and Solvents,HAWA,Raw Materials,M,2022-05-17,4.53,4.14,506.88
M0000043,Steel and Aluminum,ROH,Raw Materials,M,2024-02-27,3.86,3.6,1346.68
M0000044,Marketing and Advertising,HAWA,Services,L,2020-11-01,0.24,0.236,44213.77
M0000045,Semiconductors,HALB,Electronics,EA,2024-06-18,6.373,6.132,8999.92
M0000046,Semiconductors,HALB,Electronics,CM,2024-12-15,5.03,4.933,7823.15
M0000047,Marketing and Advertising,HALB,Services,KG,2024-12-10,86.47,78.008,40633.2
M0000048,IT Support and Maintenance,HALB,Services,CM,2023-10-03,18.49,17.003,20879.8
M0000049,Staplers and Staples,HALB,Office Supplies,BOX,2022-08-21,14.04,13.416,20.32
M0000050,Notebooks and Paper,HAWA,Office Supplies,M,2020-02-18,1.53,1.405,114.57
M0000051,Folders and Binders,FERT,Office Supplies,M,2023-08-06,4.32,3.901,140.28
M0000052,Marketing and Advertising,FERT,Services,PC,2021-06-27,5.768,5.207,9339.11
M0000053,Integrated Circuits (ICs),HAWA,Electronics,M,2022-11-13,3.65,3.51,6101.47
M0000054,Capacitors and Resistors,HALB,Electronics,M,2024-07-09,0.23,0.219,5247.21
M0000055,Staplers and Staples,HAWA,Office Supplies,PC,2023-09-20,47.444,43.038,311.95
M0000056,Semiconductors,FERT,Electronics,CM,2020-09-17,8.2,7.821,3026.99
M0000057,Folders and Binders,HAWA,Office Supplies,CM,2022-04-11,14.98,14.596,284.98
M0000058,Semiconductors,FERT,Electronics,KG,2022-08-10,43.05,40.372,6581.59
M0000059,Cleaning and Janitorial,HALB,Services,L,2020-12-13,9.49,8.625,39903.23
M0000060,Semiconductors,FERT,Electronics,PC,2021-04-05,40.921,37.745,6760.68
M0000061,Notebooks and Paper,ROH,Office Supplies,PC,2020-05-29,12.243,11.597,425.02
M0000062,Cleaning and Janitorial,HALB,Services,CM,2023-09-05,13.94,13.18,12577.23
M0000063,Integrated Circuits (ICs),HAWA,Electronics,KG,2020-04-12,17.67,15.97,5227.78
M0000064,Pens and Pencils,HAWA,Office Supplies,KG,2023-05-04,80.16,74.542,493.96
M0000065,Copper and Other Metals,HAWA,Raw Materials,BOX,2024-10-30,18.14,17.231,837.83
M0000066,Cleaning and Janitorial,FERT,Services,BOX,2022-12-03,4.98,4.644,38407.78
M0000067,Consulting and Advisory,FERT,Services,EA,2021-10-16,3.875,3.737,13949.9
M0000068,Printed Circuit Boards (PCBs),HALB,Electronics,KG,2022-04-29,38.37,37.459,2218.13
M0000069,Logistics and Shipping,HAWA,Services,EA,2024-04-25,3.114,2.849,19779.1
M0000070,Connectors and Cables,HAWA,Electronics,EA,2024-10-13,0.296,0.284,7559.4
M0000071,Marketing and Advertising,HALB,Services,EA,2021-11-19,10.972,10.432,1936.73
M0000072,Consulting and Advisory,HAWA,Services,KG,2023-04-27,98.07,92.375,45392.98
M0000073,Integrated Circuits (ICs),HAWA,Electronics,KG,2021-11-01,86.7,84.415,2675.55
M0000074,Folders and Binders,FERT,Office Supplies,M,2024-08-30,3.81,3.642,376.25
M0000075,Logistics and Shipping,ROH,Services,EA,2021-12-17,0.97,0.913,49995.44
M0000076,Pens and Pencils,ROH,Office Supplies,BOX,2023-06-26,0.67,0.648,419.78
M0000077,Notebooks and Paper,HALB,Office Supplies,EA,2023-12-03,33.473,31.439,109.76
M0000078,Wood and Lumber,HALB,Raw Materials,L,2024-08-04,12.16,11.22,616.94
M0000079,Staplers and Staples,ROH,Office Supplies,L,2022-02-07,0.56,0.539,339.0
M0000080,Consulting and Advisory,ROH,Services,L,2024-05-01,13.83,12.911,5544.11
M0000081,Chemicals and Solvents,ROH,Raw Materials,BOX,2022-05-27,19.68,18.097,1768.66
M0000082,Steel and Aluminum,FERT,Raw Materials,PC,2022-01-11,42.479,38.91,572.42
M0000083,Consulting and Advisory,HAWA,Services,KG,2024-07-13,73.41,66.297,13869.08
M0000084,Cleaning and Janitorial,HAWA,Services,BOX,2024-08-28,14.63,14.13,42659.8
M0000085,Semiconductors,HAWA,Electronics,KG,2021-11-19,75.07,70.469,6715.07
M0000086,Capacitors and Resistors,FERT,Electronics,KG,2021-07-26,48.81,46.763,2657.69
M0000087,Chemicals and Solvents,ROH,Raw Materials,L,2022-09-27,18.96,18.624,3614.37
M0000088,Folders and Binders,HAWA,Office Supplies,EA,2023-11-17,39.647,38.918,111.58
M0000089,Staplers and Staples,FERT,Office Supplies,EA,2023-02-01,27.674,26.541,498.32
M0000090,Wood and Lumber,HAWA,Raw Materials,M,2021-10-08,1.54,1.493,3620.36
M0000091,Connectors and Cables,HALB,Electronics,KG,2024-04-05,21.72,20.556,7273.39
M0000092,Steel and Aluminum,HALB,Raw Materials,M,2022-12-29,1.15,1.12,120.03
M0000093,Staplers and Staples,ROH,Office Supplies,PC,2024-11-13,27.668,25.655,64.01
M0000094,IT Support and Maintenance,ROH,Services,L,2020-04-15,5.72,5.416,17364.94
M0000095,Copper and Other Metals,ROH,Raw Materials,BOX,2023-11-06,1.35,1.277,2906.25
M0000096,Printed Circuit Boards (PCBs),HALB,Electronics,BOX,2020-08-30,11.28,10.859,9939.79
M0000097,Marketing and Advertising,HALB,Services,BOX,2024-10-27,10.48,9.95,22414.69
M0000098,Logistics and Shipping,ROH,Services,L,2023-07-05,19.2,18.837,38255.49
M0000099,Staplers and Staples,ROH,Office Supplies,KG,2022-04-16,24.06,22.624,79.11
M0000100,Marketing and Advertising,HAWA,Services,M,2024-10-26,0.17,0.164,14494.56
M0000101,IT Support and Maintenance,HALB,Services,M,2021-02-09,3.94,3.679,33228.56
M0000102,IT Support and Maintenance,HALB,Services,CM,2020-05-02,3.02,2.918,7540.7
M0000103,Staplers and Staples,FERT,Office Supplies,EA,2021-07-11,6.219,5.771,350.17
M0000104,Cleaning and Janitorial,ROH,Services,L,2021-05-27,0.85,0.808,16454.92
M0000105,Integrated Circuits (ICs),HALB,Electronics,CM,2024-04-15,16.73,15.697,9512.78
M0000106,Chemicals and Solvents,ROH,Raw Materials,BOX,2021-07-23,15.14,14.347,3274.97
M0000107,Printer Ink and Toner,HAWA,Office Supplies,CM,2022-04-16,16.29,14.706,235.54
M0000108,Wood and Lumber,ROH,Raw Materials,BOX,2023-09-18,3.26,3.107,2502.57
M0000109,Marketing and Advertising,ROH,Services,EA,2024-05-01,4.404,4.26,6238.12
M0000110,Marketing and Advertising,ROH,Services,CM,2022-11-27,17.39,16.493,3183.1
M0000111,Chemicals and Solvents,HAWA,Raw Materials,CM,2020-09-25,8.87,8.74,1371.93
M0000112,Copper and Other Metals,HAWA,Raw Materials,PC,2023-12-24,1.444,1.348,4006.6
M0000113,Staplers and Staples,ROH,Office Supplies,L,2020-08-20,8.19,7.942,420.86
M0000114,IT Support and Maintenance,HALB,Services,EA,2022-04-30,46.633,44.942,35417.88
M0000115,Cleaning and Janitorial,HALB,Services,EA,2022-11-06,27.564,26.337,46132.47
M0000116,Pens and Pencils,FERT,Office Supplies,BOX,2022-11-05,15.81,15.061,467.19
M0000117,Steel and Aluminum,FERT,Raw Materials,CM,2022-09-29,6.01,5.632,4994.57
M0000118,Folders and Binders,HAWA,Office Supplies,M,2021-10-21,1.67,1.539,189.23
M0000119,Notebooks and Paper,HAWA,Office Supplies,KG,2022-08-26,85.62,81.598,159.77
M0000120,Cleaning and Janitorial,HALB,Services,EA,2021-11-10,48.241,47.21,48285.0
M0000121,Capacitors and Resistors,ROH,Electronics,L,2024-11-18,18.21,18.003,1527.14
M0000122,Pens and Pencils,HAWA,Office Supplies,BOX,2023-08-23,19.39,18.605,346.66
M0000123,Semiconductors,HAWA,Electronics,M,2023-01-13,3.14,2.858,4930.68
M0000124,Connectors and Cables,ROH,Electronics,KG,2024-03-09,63.15,57.284,9974.52
M0000125,Capacitors and Resistors,ROH,Electronics,BOX,2023-11-22,12.69,11.567,4492.42
M0000126,Steel and Aluminum,ROH,Raw Materials,M,2020-10-25,3.98,3.835,1905.46
M0000127,Printer Ink and Toner,HAWA,Office Supplies,L,2023-06-02,13.65,13.292,88.36
M0000128,Marketing and Advertising,HALB,Services,EA,2021-06-04,45.642,44.598,23326.92
M0000129,Logistics and Shipping,ROH,Services,BOX,2020-05-31,9.33,8.995,27556.61
M0000130,Logistics and Shipping,FERT,Services,CM,2021-09-10,19.24,17.852,23113.37
M0000131,Folders and Binders,HAWA,Office Supplies,PC,2023-12-03,11.861,11.132,287.83
M0000132,Steel and Aluminum,HAWA,Raw Materials,M,2020-04-10,0.05,0.046,3902.64
M0000133,Logistics and Shipping,HALB,Services,L,2021-05-28,16.05,15.573,9911.53
M0000134,Pens and Pencils,ROH,Office Supplies,M,2020-09-26,3.95,3.899,183.07
M0000135,Semiconductors,FERT,Electronics,CM,2024-11-29,8.34,8.106,7886.48
M0000136,Chemicals and Solvents,FERT,Raw Materials,BOX,2024-07-09,3.33,3.023,4723.73
M0000137,Wood and Lumber,ROH,Raw Materials,EA,2024-10-27,48.145,47.054,4834.18
M0000138,Marketing and Advertising,FERT,Services,PC,2022-07-20,39.534,39.089,27060.33
M0000139,Wood and Lumber,HAWA,Raw Materials,BOX,2022-08-23,12.79,12.234,3390.44
M0000140,Connectors and Cables,FERT,Electronics,L,2023-12-06,4.47,4.4,8256.17
M0000141,Copper and Other Metals,ROH,Raw Materials,KG,2020-08-25,4.63,4.568,4979.84
M0000142,Printed Circuit Boards (PCBs),HALB,Electronics,EA,2023-01-11,22.683,21.087,7457.09
M0000143,Marketing and Advertising,HALB,Services,EA,2021-07-26,32.746,29.962,30974.78
M0000144,Semiconductors,HALB,Electronics,EA,2023-11-05,22.235,21.54,3690.59
M0000145,Chemicals and Solvents,FERT,Raw Materials,PC,2024-10-02,19.908,19.369,654.69
M0000146,IT Support and Maintenance,HALB,Services,CM,2021-11-14,12.81,11.562,3003.64
M0000147,Notebooks and Paper,HALB,Office Supplies,PC,2024-07-23,41.491,39.007,293.61
M0000148,Staplers and Staples,HALB,Office Supplies,BOX,2020-10-23,18.02,17.835,429.34
M0000149,Printer Ink and Toner,FERT,Office Supplies,BOX,2020-01-31,3.53,3.285,13.86
M0000150,"Plastics (e.g., PET, PVC)",FERT,Raw Materials,PC,2022-12-13,8.713,8.585,3721.5
M0000151,Integrated Circuits (ICs),HAWA,Electronics,EA,2022-10-28,38.901,36.715,1179.63
M0000152,Printer Ink and Toner,ROH,Office Supplies,CM,2022-07-27,15.68,14.3,261.2
M0000153,Integrated Circuits (ICs),HAWA,Electronics,BOX,2022-06-27,8.06,7.482,4953.66
M0000154,Integrated Circuits (ICs),FERT,Electronics,L,2023-04-13,3.01,2.946,6280.74
M0000155,Copper and Other Metals,FERT,Raw Materials,EA,2020-08-22,25.278,24.047,3975.83
M0000156,Folders and Binders,HAWA,Office Supplies,KG,2024-02-03,41.44,37.94,199.97
M0000157,Semiconductors,HAWA,Electronics,M,2022-08-29,3.33,3.185,1611.13
M0000158,Integrated Circuits (ICs),ROH,Electronics,PC,2020-09-23,21.594,19.931,3789.2
M0000159,Connectors and Cables,FERT,Electronics,CM,2024-03-16,2.49,2.386,6686.87
M0000160,IT Support and Maintenance,FERT,Services,L,2020-11-12,6.28,6.159,25616.92
M0000161,Consulting and Advisory,ROH,Services,M,2023-03-21,4.23,4.048,38248.98
M0000162,Folders and Binders,ROH,Office Supplies,L,2021-01-04,18.59,17.016,134.46
M0000163,Wood and Lumber,FERT,Raw Materials,M,2022-03-31,0.04,0.036,2853.29
M0000164,Printed Circuit Boards (PCBs),ROH,Electronics,PC,2021-11-29,37.306,36.211,4256.34
M0000165,Staplers and Staples,FERT,Office Supplies,CM,2024-12-14,6.52,5.902,298.52
M0000166,Printed Circuit Boards (PCBs),HALB,Electronics,BOX,2023-09-17,12.38,11.505,2793.82
M0000167,Cleaning and Janitorial,HAWA,Services,EA,2022-05-30,13.659,12.594,6133.97
M0000168,Semiconductors,HAWA,Electronics,L,2023-05-12,13.36,13.172,4013.11
M0000169,Integrated Circuits (ICs),HALB,Electronics,M,2021-08-15,4.73,4.356,7665.19
M0000170,Steel and Aluminum,ROH,Raw Materials,EA,2023-12-12,37.351,36.387,1932.03
M0000171,Printer Ink and Toner,FERT,Office Supplies,PC,2022-07-30,19.854,18.33,218.67
M0000172,Semiconductors,HAWA,Electronics,L,2022-04-09,8.12,7.571,2966.2
M0000173,Semiconductors,HALB,Electronics,BOX,2022-01-11,18.95,17.976,6927.14
M0000174,Capacitors and Resistors,ROH,Electronics,KG,2024-11-17,43.62,41.612,878.61
M0000175,Wood and Lumber,HALB,Raw Materials,M,2022-12-22,3.9,3.834,3184.46
M0000176,Staplers and Staples,FERT,Office Supplies,CM,2020-07-29,19.17,17.865,74.7
M0000177,Staplers and Staples,HALB,Office Supplies,KG,2020-12-28,60.28,55.553,328.1
M0000178,Cleaning and Janitorial,HAWA,Services,CM,2023-07-03,18.49,17.366,31947.27
M0000179,Wood and Lumber,HALB,Raw Materials,EA,2021-07-16,3.415,3.245,1548.96
M0000180,Semiconductors,ROH,Electronics,M,2021-08-10,2.31,2.279,3750.5
M0000181,Integrated Circuits (ICs),HAWA,Electronics,EA,2020-03-25,29.017,26.235,7415.32
M0000182,Marketing and Advertising,HALB,Services,M,2022-07-11,3.03,2.863,47907.26
M0000183,Semiconductors,ROH,Electronics,L,2022-06-18,12.94,12.765,7105.45
M0000184,Staplers and Staples,FERT,Office Supplies,M,2020-04-17,1.94,1.785,339.77
M0000185,Steel and Aluminum,FERT,Raw Materials,PC,2024-10-10,27.899,26.649,1297.38
M0000186,Staplers and Staples,ROH,Office Supplies,L,2023-09-05,13.29,12.061,155.81
M0000187,Consulting and Advisory,ROH,Services,M,2020-09-18,2.8,2.61,16759.59
M0000188,Capacitors and Resistors,FERT,Electronics,PC,2024-04-18,18.131,17.656,2220.51
M0000189,Consulting and Advisory,HALB,Services,KG,2022-11-05,15.58,15.009,39511.95
M0000190,Semiconductors,HALB,Electronics,L,2024-04-28,7.57,7.384,8330.32
M0000191,Folders and Binders,ROH,Office Supplies,EA,2023-06-04,18.216,16.854,484.82
M0000192,Copper and Other Metals,HALB,Raw Materials,L,2024-09-06,4.82,4.353,3932.63
M0000193,Staplers and Staples,HAWA,Office Supplies,EA,2022-05-07,38.472,35.393,251.95
M0000194,Notebooks and Paper,HALB,Office Supplies,BOX,2023-02-09,5.04,4.699,437.18
M0000195,Connectors and Cables,ROH,Electronics,M,2022-11-17,0.43,0.419,4548.26
M0000196,Folders and Binders,ROH,Office Supplies,KG,2022-04-29,81.69,74.369,465.31
M0000197,Capacitors and Resistors,FERT,Electronics,KG,2021-10-14,38.68,38.009,2322.93
M0000198,Semiconductors,HALB,Electronics,KG,2024-08-29,3.93,3.566,4777.3
M0000199,Folders and Binders,HAWA,Office Supplies,L,2024-09-06,0.15,0.147,128.71
M0000200,Printer Ink and Toner,HAWA,Office Supplies,PC,2021-05-03,38.809,37.591,61.8
M0000201,Marketing and Advertising,HAWA,Services,PC,2020-02-03,5.544,5.037,30038.58
M0000202,Notebooks and Paper,FERT,Office Supplies,EA,2021-01-18,0.079,0.076,285.76
M0000203,Connectors and Cables,FERT,Electronics,PC,2022-11-05,47.67,44.859,7885.48
M0000204,Capacitors and Resistors,HAWA,Electronics,PC,2020-02-03,31.784,28.66,2611.14
M0000205,Steel and Aluminum,FERT,Raw Materials,KG,2024-02-14,73.32,68.441,3868.93
M0000206,"Plastics (e.g., PET, PVC)",ROH,Raw Materials,M,2024-05-14,2.73,2.503,916.69
M0000207,Cleaning and Janitorial,HALB,Services,BOX,2020-03-16,2.74,2.536,47208.45
M0000208,"Plastics (e.g., PET, PVC)",ROH,Raw Materials,BOX,2022-11-21,4.03,3.975,4670.19
M0000209,Marketing and Advertising,HAWA,Services,M,2024-10-31,0.19,0.177,14662.49
M0000210,Semiconductors,FERT,Electronics,PC,2022-06-19,39.967,37.996,4060.22
M0000211,Logistics and Shipping,HALB,Services,EA,2021-06-30,34.604,33.114,39965.9
M0000212,Capacitors and Resistors,ROH,Electronics,EA,2021-10-19,30.123,27.592,5500.2
M0000213,Integrated Circuits (ICs),FERT,Electronics,CM,2020-12-07,5.95,5.652,7204.86
M0000214,Logistics and Shipping,HAWA,Services,PC,2022-06-09,36.341,32.996,30935.15
M0000215,Steel and Aluminum,ROH,Raw Materials,CM,2023-10-23,12.77,12.225,4015.43
M0000216,Pens and Pencils,HALB,Office Supplies,BOX,2020-05-17,12.17,11.193,18.36
M0000217,Staplers and Staples,FERT,Office Supplies,EA,2022-07-10,47.473,46.86,77.57
M0000218,Wood and Lumber,HAWA,Raw Materials,BOX,2021-10-05,1.58,1.545,1866.4
M0000219,"Plastics (e.g., PET, PVC)",ROH,Raw Materials,PC,2023-02-24,36.784,34.764,1965.59
M0000220,Semiconductors,FERT,Electronics,CM,2022-10-02,8.95,8.058,2927.21
M0000221,Pens and Pencils,HALB,Office Supplies,BOX,2020-06-28,1.53,1.491,356.97
M0000222,Wood and Lumber,ROH,Raw Materials,L,2023-12-28,10.87,9.889,4264.24
M0000223,Staplers and Staples,HALB,Office Supplies,PC,2022-10-08,49.257,45.253,119.13
M0000224,Semiconductors,FERT,Electronics,EA,2020-06-25,40.183,37.786,6158.29
M0000225,Semiconductors,HAWA,Electronics,CM,2024-08-13,14.39,13.565,7714.73
M0000226,Printed Circuit Boards (PCBs),FERT,Electronics,CM,2020-09-19,1.53,1.451,5221.86
M0000227,Notebooks and Paper,HAWA,Office Supplies,L,2020-11-09,18.22,17.947,62.96
M0000228,"Plastics (e.g., PET, PVC)",HALB,Raw Materials,M,2022-11-28,4.67,4.529,4740.04
M0000229,Steel and Aluminum,FERT,Raw Materials,KG,2021-09-12,63.54,59.755,669.59
M0000230,Connectors and Cables,HALB,Electronics,L,2024-01-15,18.84,18.39,6621.46
M0000231,Chemicals and Solvents,ROH,Raw Materials,BOX,2024-04-28,17.28,16.981,4745.31
M0000232,"Plastics (e.g., PET, PVC)",HAWA,Raw Materials,L,2021-08-16,12.8,12.098,3154.46
M0000233,Copper and Other Metals,HALB,Raw Materials,BOX,2023-11-11,16.16,15.408,2295.04
M0000234,Printed Circuit Boards (PCBs),HAWA,Electronics,EA,2021-10-02,24.213,23.526,6105.94
M0000235,Wood and Lumber,HAWA,Raw Materials,KG,2021-05-10,76.09,71.802,575.61
M0000236,IT Support and Maintenance,FERT,Services,EA,2022-02-25,12.397,12.165,14865.49
M0000237,Consulting and Advisory,HALB,Services,BOX,2024-04-11,6.58,6.172,15979.39
M0000238,Folders and Binders,HAWA,Office Supplies,EA,2022-03-16,43.954,41.547,45.93
M0000239,Consulting and Advisory,HALB,Services,L,2024-12-12,7.09,6.987,24997.26
M0000240,Logistics and Shipping,ROH,Services,BOX,2022-01-19,2.19,2.142,13591.41
M0000241,Logistics and Shipping,ROH,Services,EA,2021-08-14,2.559,2.404,18444.93
M0000242,Capacitors and Resistors,HAWA,Electronics,BOX,2023-06-05,11.02,10.091,6270.09
M0000243,Printed Circuit Boards (PCBs),ROH,Electronics,EA,2022-01-18,18.661,16.817,5622.54
M0000244,Notebooks and Paper,HAWA,Office Supplies,L,2024-07-04,0.85,0.839,357.08
M0000245,Marketing and Advertising,HAWA,Services,KG,2023-06-09,60.67,57.248,16734.31
M0000246,"Plastics (e.g., PET, PVC)",HAWA,Raw Materials,L,2024-08-23,14.8,14.253,1715.05
M0000247,Marketing and Advertising,FERT,Services,EA,2022-05-03,40.788,39.028,33853.42
M0000248,Steel and Aluminum,HAWA,Raw Materials,M,2023-03-28,4.84,4.451,3892.0
M0000249,Pens and Pencils,HAWA,Office Supplies,KG,2022-02-17,52.47,48.54,387.53
M0000250,Notebooks and Paper,ROH,Office Supplies,L,2021-10-04,18.97,18.593,10.45
M0000251,Consulting and Advisory,HAWA,Services,CM,2022-08-23,4.12,3.893,30768.16
M0000252,Printed Circuit Boards (PCBs),HALB,Electronics,L,2021-10-04,6.53,6.076,5302.22
M0000253,Folders and Binders,FERT,Office Supplies,L,2023-08-10,7.12,6.554,360.74
M0000254,Chemicals and Solvents,HAWA,Raw Materials,KG,2021-09-01,95.74,92.379,1527.57
M0000255,"Plastics (e.g., PET, PVC)",HAWA,Raw Materials,M,2024-01-17,2.4,2.255,4675.7
M0000256,Wood and Lumber,ROH,Raw Materials,L,2024-08-03,13.55,12.951,4901.79
M0000257,"Plastics (e.g., PET, PVC)",FERT,Raw Materials,PC,2022-06-24,14.382,13.314,1764.5
M0000258,Copper and Other Metals,HALB,Raw Materials,KG,2021-07-10,82.81,79.961,2831.99
M0000259,Pens and Pencils,HALB,Office Supplies,KG,2021-04-21,5.17,4.697,113.61
M0000260,Integrated Circuits (ICs),HAWA,Electronics,M,2020-01-11,3.59,3.522,7730.58
M0000261,Folders and Binders,HAWA,Office Supplies,EA,2021-08-07,32.527,29.989,144.34
M0000262,Integrated Circuits (ICs),HALB,Electronics,L,2020-12-24,14.79,13.51,469.25
M0000263,Consulting and Advisory,ROH,Services,BOX,2024-11-21,7.97,7.535,46862.13
M0000264,Steel and Aluminum,ROH,Raw Materials,M,2021-08-05,2.84,2.784,4915.82
M0000265,Marketing and Advertising,HAWA,Services,KG,2020-08-18,85.12,80.683,10044.16
M0000266,"Plastics (e.g., PET, PVC)",HAWA,Raw Materials,CM,2024-06-07,5.18,5.041,3696.26
M0000267,Chemicals and Solvents,HALB,Raw Materials,KG,2022-05-25,61.13,57.005,2057.18
M0000268,Steel and Aluminum,HAWA,Raw Materials,CM,2021-05-23,1.95,1.758,2413.4
M0000269,Semiconductors,HAWA,Electronics,KG,2023-04-07,44.73,43.208,3363.29
M0000270,Semiconductors,FERT,Electronics,CM,2020-11-23,4.76,4.426,4707.41
M0000271,Marketing and Advertising,FERT,Services,CM,2023-06-12,2.39,2.169,15104.36
M0000272,Notebooks and Paper,HALB,Office Supplies,EA,2022-05-01,7.66,7.068,303.26
M0000273,Marketing and Advertising,HALB,Services,BOX,2020-06-16,4.99,4.601,43720.19
M0000274,Marketing and Advertising,FERT,Services,PC,2022-11-01,45.862,44.94,41524.32
M0000275,Printer Ink and Toner,HALB,Office Supplies,KG,2021-02-24,32.88,31.011,59.0
M0000276,IT Support and Maintenance,HAWA,Services,BOX,2023-02-28,1.16,1.135,21063.52
M0000277,Connectors and Cables,HAWA,Electronics,CM,2024-07-30,16.15,14.937,4019.89
M0000278,Printed Circuit Boards (PCBs),ROH,Electronics,PC,2020-05-03,21.185,19.638,5457.52
M0000279,Capacitors and Resistors,ROH,Electronics,M,2024-02-02,2.05,1.888,7681.69
M0000280,Logistics and Shipping,HAWA,Services,EA,2023-10-30,43.481,39.498,19094.45
M0000281,Staplers and Staples,ROH,Office Supplies,KG,2021-04-01,99.29,94.785,64.55
M0000282,Integrated Circuits (ICs),FERT,Electronics,EA,2024-08-13,33.675,31.688,5366.14
M0000283,Notebooks and Paper,HAWA,Office Supplies,M,2024-04-16,0.78,0.759,437.73
M0000284,Integrated Circuits (ICs),HAWA,Electronics,L,2021-02-26,15.33,13.957,254.89
M0000285,Integrated Circuits (ICs),ROH,Electronics,EA,2024-02-25,29.89,27.699,581.9
M0000286,Capacitors and Resistors,HAWA,Electronics,KG,2020-10-13,54.02,49.812,7783.03
M0000287,"Plastics (e.g., PET, PVC)",FERT,Raw Materials,L,2021-09-10,11.98,11.135,1637.29
M0000288,Printer Ink and Toner,HALB,Office Supplies,EA,2024-12-06,15.026,14.793,474.31
M0000289,Folders and Binders,HAWA,Office Supplies,PC,2024-05-28,48.615,44.009,336.0
M0000290,Copper and Other Metals,HAWA,Raw Materials,KG,2021-05-08,30.06,29.262,2712.74
M0000291,Staplers and Staples,HALB,Office Supplies,BOX,2022-05-03,9.29,9.149,206.93
M0000292,Folders and Binders,HALB,Office Supplies,M,2024-09-30,1.02,0.95,461.19
M0000293,Steel and Aluminum,HALB,Raw Materials,PC,2024-11-24,13.424,12.476,3034.46
M0000294,Printed Circuit Boards (PCBs),HALB,Electronics,EA,2020-02-01,10.445,9.488,3101.56
M0000295,Notebooks and Paper,ROH,Office Supplies,CM,2023-05-22,19.99,18.928,122.05
M0000296,Folders and Binders,HALB,Office Supplies,L,2023-08-21,6.47,6.24,233.66
M0000297,Wood and Lumber,FERT,Raw Materials,M,2024-01-19,2.57,2.429,538.11
M0000298,Logistics and Shipping,HALB,Services,M,2024-02-27,1.57,1.548,43272.2
M0000299,Pens and Pencils,FERT,Office Supplies,L,2020-11-08,18.7,17.538,209.37
M0000300,Staplers and Staples,HALB,Office Supplies,EA,2023-11-03,28.49,27.575,275.77
M0000301,Wood and Lumber,HAWA,Raw Materials,CM,2024-06-16,12.85,12.154,882.76
M0000302,"Plastics (e.g., PET, PVC)",HALB,Raw Materials,CM,2023-08-07,10.95,10.659,4452.35
M0000303,Connectors and Cables,ROH,Electronics,BOX,2024-04-14,16.94,15.33,6715.33
M0000304,Capacitors and Resistors,HALB,Electronics,BOX,2021-03-23,12.63,12.426,1595.19
M0000305,Logistics and Shipping,ROH,Services,L,2023-09-12,12.77,11.569,45681.2
M0000306,IT Support and Maintenance,ROH,Services,L,2021-07-16,11.06,10.938,26706.17
M0000307,Steel and Aluminum,HAWA,Raw Materials,BOX,2022-12-09,18.8,18.309,4594.34
M0000308,Notebooks and Paper,HALB,Office Supplies,L,2022-03-23,10.55,9.67,134.4
M0000309,Semiconductors,HAWA,Electronics,EA,2023-11-01,28.251,25.451,2335.99
M0000310,Integrated Circuits (ICs),ROH,Electronics,EA,2020-01-20,18.964,17.831,655.54
M0000311,Pens and Pencils,HAWA,Office Supplies,BOX,2024-10-23,8.71,8.008,283.36
M0000312,Connectors and Cables,ROH,Electronics,KG,2022-08-31,21.22,19.35,8886.79
M0000313,Steel and Aluminum,ROH,Raw Materials,CM,2020-03-08,18.52,16.836,2839.37
M0000314,Staplers and Staples,ROH,Office Supplies,KG,2022-03-26,58.74,54.176,356.64
M0000315,Semiconductors,HALB,Electronics,L,2023-01-12,4.85,4.437,3952.65
M0000316,Copper and Other Metals,HALB,Raw Materials,BOX,2021-12-09,19.77,18.284,2528.92
M0000317,Integrated Circuits (ICs),HAWA,Electronics,KG,2023-05-04,83.88,80.47,7713.16
M0000318,Logistics and Shipping,ROH,Services,CM,2021-12-29,5.5,4.954,24784.87
M0000319,Cleaning and Janitorial,HALB,Services,CM,2021-08-27,11.74,11.221,38722.29
M0000320,Pens and Pencils,ROH,Office Supplies,M,2024-02-23,0.78,0.722,317.32
M0000321,Logistics and Shipping,FERT,Services,PC,2024-04-08,4.577,4.143,22514.43
M0000322,Steel and Aluminum,HALB,Raw Materials,PC,2022-04-15,9.37,8.898,2795.96
M0000323,Integrated Circuits (ICs),ROH,Electronics,M,2024-11-03,2.78,2.603,7865.94
M0000324,IT Support and Maintenance,FERT,Services,EA,2021-05-12,19.391,19.049,45106.23
M0000325,Folders and Binders,HALB,Office Supplies,KG,2020-12-08,26.97,26.049,73.82
M0000326,Logistics and Shipping,HAWA,Services,M,2021-05-20,2.43,2.389,12959.14
M0000327,Marketing and Advertising,HALB,Services,EA,2021-11-11,5.35,5.15,47466.76
M0000328,Logistics and Shipping,HAWA,Services,M,2023-05-02,2.16,1.978,32726.32
M0000329,Staplers and Staples,FERT,Office Supplies,L,2022-03-26,18.95,18.418,157.78
M0000330,Wood and Lumber,HAWA,Raw Materials,L,2024-05-28,15.65,15.034,1437.49
M0000331,Logistics and Shipping,ROH,Services,L,2024-04-21,4.04,3.637,9406.4
M0000332,Capacitors and Resistors,HALB,Electronics,EA,2024-10-02,39.884,36.501,784.67
M0000333,Cleaning and Janitorial,HALB,Services,CM,2022-05-16,6.09,5.891,8130.09
M0000334,IT Support and Maintenance,HAWA,Services,L,2024-11-16,9.61,9.167,25577.33
M0000335,Marketing and Advertising,ROH,Services,BOX,2023-05-01,19.37,17.953,40708.7
M0000336,Integrated Circuits (ICs),HALB,Electronics,CM,2023-02-27,13.31,12.978,6165.51
M0000337,Logistics and Shipping,HAWA,Services,PC,2022-11-28,0.528,0.51,25778.47
M0000338,Folders and Binders,FERT,Office Supplies,EA,2020-11-04,23.154,21.506,345.53
M0000339,Steel and Aluminum,HAWA,Raw Materials,PC,2024-08-29,14.772,13.4,474.98
M0000340,Staplers and Staples,FERT,Office Supplies,M,2022-09-02,2.28,2.215,241.98
M0000341,Capacitors and Resistors,HAWA,Electronics,M,2020-02-16,0.35,0.345,7136.71
M0000342,Steel and Aluminum,HALB,Raw Materials,CM,2023-02-20,4.92,4.794,842.67
M0000343,Cleaning and Janitorial,HALB,Services,BOX,2022-06-04,8.13,7.914,32203.7
M0000344,IT Support and Maintenance,HALB,Services,EA,2021-02-25,29.611,28.279,35384.41
M0000345,Steel and Aluminum,ROH,Raw Materials,BOX,2022-07-26,17.45,16.982,1663.63
M0000346,Semiconductors,HAWA,Electronics,L,2022-03-14,19.32,18.582,3947.53
M0000347,Semiconductors,FERT,Electronics,BOX,2024-06-27,9.18,8.946,6768.53
M0000348,Chemicals and Solvents,ROH,Raw Materials,CM,2021-01-09,2.72,2.664,1561.63
M0000349,"Plastics (e.g., PET, PVC)",HAWA,Raw Materials,EA,2022-09-23,29.822,27.981,2144.04
M0000350,Printer Ink and Toner,HALB,Office Supplies,EA,2023-06-22,14.442,14.054,421.15
M0000351,Semiconductors,ROH,Electronics,EA,2022-11-01,6.828,6.259,9641.91
M0000352,Cleaning and Janitorial,HAWA,Services,EA,2023-03-03,35.507,33.734,8779.05
M0000353,Printed Circuit Boards (PCBs),FERT,Electronics,PC,2022-07-25,13.743,12.941,1765.27
M0000354,Marketing and Advertising,ROH,Services,L,2022-01-21,2.33,2.144,41252.5
M0000355,Capacitors and Resistors,HALB,Electronics,EA,2021-09-01,5.122,4.688,7538.32
M0000356,Capacitors and Resistors,FERT,Electronics,M,2020-08-28,4.31,4.233,8666.38
M0000357,Notebooks and Paper,FERT,Office Supplies,BOX,2020-10-12,14.23,13.277,83.82
M0000358,Notebooks and Paper,ROH,Office Supplies,L,2021-10-24,7.05,6.801,269.85
M0000359,Wood and Lumber,FERT,Raw Materials,BOX,2020-10-04,10.31,9.372,4085.15
M0000360,IT Support and Maintenance,FERT,Services,BOX,2020-10-26,13.14,12.179,7068.2
M0000361,"Plastics (e.g., PET, PVC)",HAWA,Raw Materials,EA,2022-02-07,7.109,6.633,3157.67
M0000362,IT Support and Maintenance,ROH,Services,EA,2022-01-25,25.781,24.878,46848.64
M0000363,Cleaning and Janitorial,FERT,Services,L,2024-02-05,0.1,0.092,36769.84
M0000364,Logistics and Shipping,ROH,Services,BOX,2021-03-09,10.71,10.393,21767.33
M0000365,Logistics and Shipping,FERT,Services,BOX,2024-10-11,5.71,5.372,6964.42
M0000366,Logistics and Shipping,ROH,Services,PC,2020-09-11,4.98,4.579,23249.3
M0000367,Folders and Binders,HAWA,Office Supplies,PC,2020-09-27,49.592,47.187,497.85
M0000368,"Plastics (e.g., PET, PVC)",FERT,Raw Materials,PC,2023-08-21,32.73,31.665,1890.63
M0000369,Pens and Pencils,HAWA,Office Supplies,CM,2023-09-04,6.14,5.692,117.84
M0000370,Integrated Circuits (ICs),ROH,Electronics,KG,2023-10-24,47.73,46.683,2339.29
M0000371,IT Support and Maintenance,ROH,Services,CM,2023-11-22,6.9,6.756,43086.84
M0000372,Folders and Binders,ROH,Office Supplies,KG,2021-10-03,38.37,35.463,52.11
M0000373,Wood and Lumber,HALB,Raw Materials,EA,2023-10-18,38.673,35.665,709.07
M0000374,Pens and Pencils,ROH,Office Supplies,L,2023-07-10,13.02,12.374,361.49
M0000375,Folders and Binders,HAWA,Office Supplies,BOX,2020-09-09,4.38,3.983,70.87
M0000376,Logistics and Shipping,HAWA,Services,M,2021-05-23,3.96,3.832,32408.72
M0000377,Steel and Aluminum,FERT,Raw Materials,KG,2021-08-28,51.82,48.925,3751.83
M0000378,Printed Circuit Boards (PCBs),HAWA,Electronics,EA,2022-12-17,5.638,5.328,5979.9
M0000379,Semiconductors,FERT,Electronics,KG,2023-01-23,38.75,35.437,4266.55
M0000380,Folders and Binders,ROH,Office Supplies,PC,2020-05-03,29.369,29.039,108.66
M0000381,Marketing and Advertising,FERT,Services,CM,2022-04-03,14.27,13.142,21466.97
M0000382,Connectors and Cables,HALB,Electronics,M,2024-07-12,0.43,0.423,9217.16
M0000383,Printer Ink and Toner,FERT,Office Supplies,EA,2023-08-10,29.322,27.015,325.27
M0000384,Semiconductors,HAWA,Electronics,CM,2022-06-08,19.07,18.47,2520.35
M0000385,Capacitors and Resistors,ROH,Electronics,M,2020-01-26,3.33,3.099,1838.89
M0000386,Pens and Pencils,HALB,Office Supplies,EA,2024-01-16,47.651,44.932,391.71
M0000387,"Plastics (e.g., PET, PVC)",FERT,Raw Materials,KG,2020-08-29,75.0,68.354,3678.03
M0000388,Semiconductors,HAWA,Electronics,M,2023-07-09,2.62,2.532,9753.0
M0000389,Capacitors and Resistors,HAWA,Electronics,L,2022-01-23,7.23,6.833,5712.17
M0000390,Staplers and Staples,ROH,Office Supplies,L,2020-01-06,13.5,13.225,370.65
M0000391,Integrated Circuits (ICs),HALB,Electronics,PC,2024-10-22,23.589,22.54,1585.84
M0000392,Connectors and Cables,HAWA,Electronics,KG,2021-07-09,32.25,30.719,7230.85
M0000393,Connectors and Cables,FERT,Electronics,PC,2024-07-05,25.103,22.814,1875.51
M0000394,Capacitors and Resistors,ROH,Electronics,EA,2020-06-25,43.302,39.854,3175.91
M0000395,IT Support and Maintenance,FERT,Services,KG,2021-05-11,29.23,26.874,37109.01
M0000396,Logistics and Shipping,HAWA,Services,BOX,2024-06-18,15.53,14.351,27554.68
M0000397,Notebooks and Paper,ROH,Office Supplies,EA,2023-11-21,1.196,1.126,318.33
M0000398,Semiconductors,ROH,Electronics,BOX,2020-07-31,13.16,12.023,7299.43
M0000399,Printer Ink and Toner,HALB,Office Supplies,EA,2023-12-28,24.602,24.223,498.48
M0000400,Steel and Aluminum,ROH,Raw Materials,KG,2022-02-01,89.74,84.645,3519.19
M0000401,IT Support and Maintenance,ROH,Services,L,2023-03-08,2.71,2.483,4204.11
M0000402,Capacitors and Resistors,HALB,Electronics,KG,2022-03-15,29.24,26.708,9267.82
M0000403,Wood and Lumber,HAWA,Raw Materials,M,2024-04-26,1.18,1.068,723.75
M0000404,Printed Circuit Boards (PCBs),ROH,Electronics,KG,2022-01-03,45.01,43.288,1295.29
M0000405,Folders and Binders,FERT,Office Supplies,EA,2023-11-06,13.251,12.975,79.65
M0000406,Chemicals and Solvents,ROH,Raw Materials,KG,2021-05-23,83.61,80.307,501.5
M0000407,Copper and Other Metals,ROH,Raw Materials,CM,2022-04-08,6.01,5.506,910.65
M0000408,Marketing and Advertising,HALB,Services,PC,2020-01-25,23.103,21.2,7419.76
M0000409,Printed Circuit Boards (PCBs),HALB,Electronics,KG,2023-08-13,82.38,78.796,6339.95
M0000410,Connectors and Cables,FERT,Electronics,BOX,2023-08-15,1.55,1.395,2057.73
M0000411,Consulting and Advisory,ROH,Services,BOX,2022-08-02,16.6,15.939,2613.47
M0000412,Printed Circuit Boards (PCBs),HAWA,Electronics,BOX,2022-05-23,14.5,13.708,3889.02
M0000413,Staplers and Staples,HALB,Office Supplies,KG,2023-06-11,27.57,26.188,75.17
M0000414,Staplers and Staples,HAWA,Office Supplies,EA,2022-02-23,44.139,41.795,44.77
M0000415,Folders and Binders,HALB,Office Supplies,CM,2024-06-30,17.7,16.685,315.75
M0000416,Capacitors and Resistors,FERT,Electronics,EA,2022-10-25,27.226,25.766,9135.5
M0000417,Copper and Other Metals,FERT,Raw Materials,KG,2024-07-18,2.7,2.528,195.05
M0000418,Steel and Aluminum,HAWA,Raw Materials,L,2020-11-22,7.18,6.731,1202.17
M0000419,Printed Circuit Boards (PCBs),HALB,Electronics,M,2024-04-13,2.67,2.453,7396.9
M0000420,Printer Ink and Toner,HAWA,Office Supplies,M,2021-04-29,4.68,4.216,87.68
M0000421,Wood and Lumber,ROH,Raw Materials,CM,2023-02-27,14.03,12.693,2839.85
M0000422,Folders and Binders,FERT,Office Supplies,KG,2021-03-24,49.09,48.2,117.08
M0000423,Connectors and Cables,HAWA,Electronics,PC,2021-11-28,16.587,15.504,8083.81
M0000424,Staplers and Staples,ROH,Office Supplies,PC,2020-08-15,7.386,6.844,71.68
M0000425,Steel and Aluminum,FERT,Raw Materials,CM,2021-09-10,18.84,17.981,550.11
M0000426,"Plastics (e.g., PET, PVC)",HALB,Raw Materials,CM,2023-08-22,18.98,17.438,4805.28
M0000427,"Plastics (e.g., PET, PVC)",FERT,Raw Materials,KG,2024-02-12,66.59,61.043,1923.0
M0000428,"Plastics (e.g., PET, PVC)",HALB,Raw Materials,CM,2024-10-08,0.09,0.083,2885.53
M0000429,Printed Circuit Boards (PCBs),FERT,Electronics,BOX,2022-10-13,19.35,18.772,5698.95
M0000430,Staplers and Staples,ROH,Office Supplies,KG,2020-06-30,34.75,33.403,318.46
M0000431,Copper and Other Metals,ROH,Raw Materials,M,2024-05-30,1.06,0.983,1784.88
M0000432,Integrated Circuits (ICs),ROH,Electronics,EA,2022-04-27,21.912,20.865,1746.75
M0000433,Cleaning and Janitorial,FERT,Services,L,2023-03-29,7.54,6.902,39542.13
M0000434,Notebooks and Paper,HAWA,Office Supplies,PC,2021-06-18,39.96,39.44,11.02
M0000435,Integrated Circuits (ICs),FERT,Electronics,KG,2020-07-09,88.8,86.626,842.52
M0000436,Chemicals and Solvents,HAWA,Raw Materials,CM,2024-12-27,0.67,0.606,866.74
M0000437,Consulting and Advisory,ROH,Services,PC,2023-02-08,16.555,14.938,20759.35
M0000438,Wood and Lumber,FERT,Raw Materials,KG,2022-10-02,9.68,9.241,2770.83
M0000439,Pens and Pencils,FERT,Office Supplies,PC,2023-05-14,21.381,20.6,331.35
M0000440,Consulting and Advisory,ROH,Services,PC,2022-08-27,10.348,9.65,48864.36
M0000441,Semiconductors,HAWA,Electronics,EA,2023-01-19,24.455,22.756,1002.26
M0000442,Consulting and Advisory,FERT,Services,EA,2022-08-10,18.471,17.545,13533.15
M0000443,"Plastics (e.g., PET, PVC)",FERT,Raw Materials,L,2020-06-24,1.28,1.181,3353.97
M0000444,Chemicals and Solvents,HAWA,Raw Materials,BOX,2024-08-03,11.82,11.113,4211.95
M0000445,Marketing and Advertising,HAWA,Services,L,2024-10-14,17.64,16.707,4408.27
M0000446,Connectors and Cables,HALB,Electronics,PC,2020-12-08,47.463,45.07,9495.71
M0000447,Notebooks and Paper,HALB,Office Supplies,PC,2024-08-11,21.169,19.074,218.26
M0000448,Printer Ink and Toner,FERT,Office Supplies,M,2022-03-05,4.55,4.13,34.44
M0000449,Marketing and Advertising,FERT,Services,BOX,2024-05-29,5.56,5.275,43736.58
M0000450,IT Support and Maintenance,HAWA,Services,KG,2020-07-24,14.91,13.972,38039.68
M0000451,Connectors and Cables,ROH,Electronics,BOX,2022-04-21,5.76,5.425,3504.3
M0000452,Copper and Other Metals,HAWA,Raw Materials,L,2020-10-21,12.2,12.037,1413.3
M0000453,IT Support and Maintenance,HAWA,Services,M,2021-07-04,3.46,3.41,24023.3
M0000454,Steel and Aluminum,FERT,Raw Materials,BOX,2024-10-23,15.88,15.277,4222.09
M0000455,Printed Circuit Boards (PCBs),HALB,Electronics,M,2021-07-05,4.87,4.627,8275.65
M0000456,Marketing and Advertising,ROH,Services,KG,2022-09-19,44.23,40.152,20654.93
M0000457,Steel and Aluminum,HALB,Raw Materials,PC,2024-10-09,15.557,14.692,721.47
M0000458,Printed Circuit Boards (PCBs),HALB,Electronics,BOX,2020-04-13,4.05,3.988,427.4
M0000459,"Plastics (e.g., PET, PVC)",FERT,Raw Materials,M,2020-09-10,4.12,3.891,3195.28
M0000460,Printed Circuit Boards (PCBs),FERT,Electronics,EA,2023-04-16,29.703,28.931,8717.76
M0000461,Wood and Lumber,HALB,Raw Materials,BOX,2021-08-06,17.9,16.514,3459.81
M0000462,Capacitors and Resistors,ROH,Electronics,KG,2021-03-29,85.4,78.552,2221.75
M0000463,Notebooks and Paper,FERT,Office Supplies,CM,2024-04-20,8.22,8.123,390.37
M0000464,Capacitors and Resistors,HALB,Electronics,CM,2023-05-30,3.51,3.222,2315.32
M0000465,Wood and Lumber,HAWA,Raw Materials,EA,2021-09-10,42.579,40.394,1130.13
M0000466,Marketing and Advertising,ROH,Services,PC,2022-02-05,25.576,23.796,42242.56
M0000467,Wood and Lumber,ROH,Raw Materials,EA,2024-10-30,3.193,2.877,3220.94
M0000468,Wood and Lumber,FERT,Raw Materials,KG,2024-07-07,15.08,13.89,4503.45
M0000469,Logistics and Shipping,HALB,Services,CM,2022-05-07,0.56,0.529,15132.43
M0000470,Cleaning and Janitorial,ROH,Services,L,2024-01-27,14.18,13.308,9900.8
M0000471,Printer Ink and Toner,HAWA,Office Supplies,CM,2023-09-08,7.2,6.933,85.82
M0000472,Staplers and Staples,ROH,Office Supplies,EA,2024-04-11,6.398,6.185,404.36
M0000473,Staplers and Staples,ROH,Office Supplies,KG,2024-06-02,35.59,32.85,154.24
M0000474,Wood and Lumber,FERT,Raw Materials,L,2024-11-09,5.92,5.407,2379.16
M0000475,Capacitors and Resistors,HALB,Electronics,L,2022-04-26,2.44,2.266,5345.4
M0000476,Printed Circuit Boards (PCBs),HALB,Electronics,KG,2022-07-26,34.33,30.937,8939.17
M0000477,Staplers and Staples,HALB,Office Supplies,BOX,2021-10-03,1.66,1.594,493.33
M0000478,Integrated Circuits (ICs),HAWA,Electronics,M,2020-11-20,1.05,0.966,5805.16
M0000479,IT Support and Maintenance,HALB,Services,L,2022-09-04,8.7,8.277,21736.76
M0000480,IT Support and Maintenance,ROH,Services,L,2021-10-21,4.03,3.854,1196.82
M0000481,Pens and Pencils,ROH,Office Supplies,CM,2021-10-01,14.69,14.244,438.62
M0000482,Pens and Pencils,HAWA,Office Supplies,L,2021-09-02,11.79,11.495,412.1
M0000483,Copper and Other Metals,FERT,Raw Materials,EA,2022-09-30,44.399,39.977,1746.53
M0000484,"Plastics (e.g., PET, PVC)",HALB,Raw Materials,BOX,2020-09-25,8.1,7.852,3649.49
M0000485,Pens and Pencils,HALB,Office Supplies,PC,2024-11-30,18.33,17.074,19.64
M0000486,Chemicals and Solvents,ROH,Raw Materials,L,2020-02-10,19.89,18.506,3285.16
M0000487,Integrated Circuits (ICs),HAWA,Electronics,EA,2020-11-09,19.013,17.886,4796.52
M0000488,Pens and Pencils,FERT,Office Supplies,EA,2023-05-25,33.084,30.781,135.72
M0000489,Folders and Binders,ROH,Office Supplies,L,2020-08-05,14.39,14.094,57.89
M0000490,Consulting and Advisory,HALB,Services,BOX,2023-12-11,5.3,4.997,10482.82
M0000491,Logistics and Shipping,HALB,Services,PC,2022-09-11,27.407,24.887,34566.09
M0000492,"Plastics (e.g., PET, PVC)",ROH,Raw Materials,PC,2023-10-02,33.582,30.505,4184.4
M0000493,Consulting and Advisory,ROH,Services,BOX,2021-06-08,10.26,9.489,5513.88
M0000494,Folders and Binders,FERT,Office Supplies,M,2020-03-21,2.33,2.286,88.18
M0000495,Wood and Lumber,FERT,Raw Materials,EA,2020-04-03,36.927,36.242,3803.11
M0000496,Printed Circuit Boards (PCBs),HALB,Electronics,M,2024-12-04,1.79,1.702,6255.89
M0000497,Semiconductors,FERT,Electronics,KG,2024-09-07,11.47,10.942,4619.73
M0000498,Cleaning and Janitorial,HAWA,Services,CM,2024-01-27,17.73,17.287,7059.32
M0000499,Printed Circuit Boards (PCBs),ROH,Electronics,EA,2022-06-16,45.561,43.126,5732.54
M0000500,Printer Ink and Toner,HAWA,Office Supplies,BOX,2024-09-13,7.2,7.109,342.55
